親品番,子品番,品名,員数,単位,手配区分
P-100,A-110,ファンモジュール,1,個,内製
P-100,A-120,制御基板ASSY,1,個,内製
P-100,A-130,筐体ASSY,1,個,内製
P-100,B-901,取扱説明書,1,部,購入
A-110,A-111,モーターASSY,1,個,内製
A-110,C-201,ファン羽根,1,個,購入
A-110,C-202,ファンガード,2,個,購入
A-111,A-112,ローターASSY,1,個,内製
A-111,C-211,ステーター,1,個,購入
A-111,S-001,ねじ M3x8,4,本,購入
A-112,C-221,シャフト,1,本,購入
A-112,C-222,ベアリング,2,個,購入
A-120,C-301,プリント基板,1,枚,購入
A-120,C-302,マイコン,1,個,購入
A-120,C-303,コネクタ,3,個,購入
A-120,S-001,ねじ M3x8,2,本,購入
A-130,C-401,前カバー,1,個,購入
A-130,C-402,後カバー,1,個,購入
A-130,S-002,ねじ M4x10,6,本,購入
P-200,A-110,ファンモジュール,2,個,内製
P-200,A-210,制御基板ASSY（2連用）,1,個,内製
P-200,A-230,筐体ASSY（大）,1,個,内製
P-200,B-901,取扱説明書,1,部,購入
A-210,C-301,プリント基板,1,枚,購入
A-210,C-302,マイコン,2,個,購入
A-210,C-303,コネクタ,5,個,購入
A-230,C-411,前カバー（大）,1,個,購入
A-230,C-412,後カバー（大）,1,個,購入
A-230,S-002,ねじ M4x10,8,本,購入
A-230,C-413,配線ケーブル,1.5,m,購入
